2026-09-27-leejinsook-lee-parents-grave-farmland	✅ 1~10 준수	description에 claims 유지, 2023 보도 확인 문장 유지
2026-09-27-hoon2-jeonhyunhee-land-lease	✅ 1~10 준수	욕설 "was not reproduced"
2026-09-27-geonwoo-nsl-mexico-remark	✅ 1~10 준수	취지 → "reportedly taken to mean"
2026-09-27-geonwoo-farmland-survey	🔧 수정 후 ✅	셀프리뷰: description 뒷절(284만 필지)에 유보 누락 → "reports say …" 문장 전체로 수정(체크 2)
2026-09-27-geonwoo-corporate-card-whistleblower	🔧 수정 후 ✅	셀프리뷰: title·description에서 "의혹" 누락 → "allegations"/"alleged" 복원(체크 5)
2026-09-27-ccpoutkorea-china-threat-survey	✅ 1~10 준수	
2026-09-26-neveragain-mexico-tariff-visit	✅ 1~10 준수	욕설·비하 "were not reproduced"
2026-09-26-issue365-lee-nsl-yusimin	✅ 1~10 준수	취지 → "said, in effect"
2026-09-25-kimkyelee-nk-pow-ukraine	✅ 1~10 준수	김계리 본문 언급 없어 title에 한글 병기
2026-09-24-politicscrush-main-enemy-politicians	✅ 1~10 준수	발목 절단 → "feet amputated at the ankle"; 김영훈 "이에 동의한다고 했다가"의 지시 대상이 원문에서 모호해 "agreed with this"로 모호성 유지
2026-09-24-hagonolza-kimgyeri-spy-remark	🔧 수정 후 ✅	셀프리뷰: '평양 무인기 의혹' 사건의 "의혹" 누락 → "Pyongyang drone allegations" case(체크 5)
2026-09-24-hagonolza-kctu-itaewon-claim	🔧 수정 후 ✅	작성 중: 기소·확정 문장 보도 범위를 문장 전체로 확장(체크 2)
2026-09-23-shindawit-army-lecture-trump	✅ 1~10 준수	
2026-09-22-taekyu-ppp-rally-report	✅ 1~10 준수	
2026-09-22-taekyu-chief-justice-refusal	✅ 1~10 준수	description 직함 통일(Rep. Kim Tae-gyu)
2026-09-22-peoplepower7-hyegyeonggung-claim	✅ 1~10 준수	트위터 글 문장 "were not reproduced"; "다소 의외"는 경찰 입장문 직접 인용이라 "somewhat unexpected" 유지
2026-09-22-emong-nk-contact-law	✅ 1~10 준수	자체 제작 카드 alt의 "보도됨" → reportedly 유지
2026-09-22-ego-police-republic-concern	🔧 수정 후 ✅	작성 중: 형소법 통과 문장 보도 범위 확장(체크 2)
2026-09-21-leeprenotion-assembly-holiday-bonus	✅ 1~10 준수	
2026-09-21-kimmoonsoo-prosecution-abolition	🔧 수정 후 ✅	description 162자 → 153자
2026-09-21-dotori-nk-medical-equipment	✅ 1~10 준수	description에 presumed 유지; "원문 (그대로)" 인용 번역
2026-09-20-shindawit-foreign-unemployment-benefits	✅ 1~10 준수	중국동포 → ethnic Korean Chinese
2026-09-20-nowmagazine-alpha-phone	✅ 1~10 준수	
2026-09-20-nowandhere-mdl-mine-briefing-reel	✅ 1~10 준수	공보실장 → director of public affairs(chief of staff 미사용). 원문 description의 "마지막 문단은 게시자 논평"은 160자 제한으로 description에서 빠지고 본문 첫 문단에 유지
2026-09-20-kimeunhye-jeonse-reel	✅ 1~10 준수	해시태그 영문 번역(본문에 "hashtags also translated" 명시)
2026-09-20-hanmibro-academy-merger-cards	✅ 1~10 준수	한국경제TV 영문명 미확인 → Hankook Kyungje TV (한국경제TV)
2026-09-20-hagonolza-constitution-amendment-points	✅ 1~10 준수	불성립 → "declared void for lack of a quorum"
2026-09-19-geonwoo-hongdae-march	✅ 1~10 준수	전언형 섹션 → "What the original post reports (the poster's account)"
2026-09-18-shindawit-asiangames-nk-anthem	✅ 1~10 준수	
2026-09-18-dailybite-judicial-independence	🔧 수정 후 ✅	description 166자 → 160자
2026-09-17-idontknowpolitics-sergeant-leak-china	🔧 수정 후 ✅	셀프리뷰: description "upheld" → "finalized"(체크 5 확정). 병장은 체크리스트 계급표(하사=sergeant)와 겹치지 않게 "enlisted sergeant (병장)"
2026-09-17-hagonolza-changwon-spy-indictment	✅ 1~10 준수	구속기소 → arrested and indicted; 재판 진행 중·무죄 추정 문구 유지
2026-09-16-sisabriefing-nk-budget	✅ 1~10 준수	편성 → earmarked (집행과 구분)
2026-09-16-pickmag-china-visa-free-petition	🔧 수정 후 ✅	작성 중: 외국인 피의자 수 문장 보도 범위 확장(체크 2)
2026-09-16-idontknowpolitics-2023-warrant-dismissed	🔧 수정 후 ✅	작성 중: 체포동의안 가결·영장 기각 문장 전체에 "Reports say"(체크 2)
2026-09-16-hagonolza-country-insult-bill	✅ 1~10 준수	취지 → "writes, in effect"; 발의 사실은 원문도 단정(의안 정보)이라 그대로
2026-09-15-joojinwoo-kimseungwon-hearing	🔧 수정 후 ✅	작성 중: 청문회 고성·메모 촬영 문장 보도 범위 확장(체크 2); 제1부속실장 → director of the First Attached Office (제1부속실장)
2026-09-15-jindam-choo-resignation-petition	✅ 1~10 준수	
2026-09-15-choice-nk-budget-undecided	✅ 1~10 준수	편성 → earmarked
2026-09-15-bbang630-518-armored-vehicle-claim	✅ 1~10 준수	일병 → Pfc.; 자체 제작 카드 캡션 "made by this site"
2026-09-14-yongkeun-justice-hearing-lee-trial	✅ 1~10 준수	같은 질의의 다른 릴스 병합 문단 유지; 파기환송 → reverse and remand
2026-09-14-kimminsoo-spy-law-enforcement	✅ 1~10 준수	국군정보사령부 → Defense Intelligence Command
2026-09-13-sonit-625-book-ban-claim	✅ 1~10 준수	"빨갱이" → "commie"(원문 인용 수준 유지); 진중문고 → barracks library
2026-09-13-idontknowpolitics-kangdong-hospital	✅ 1~10 준수	
2026-09-13-geonwoo-leejinsook-518-merit-disclosure	✅ 1~10 준수	
2026-09-13-geonwoo-jinjoongkwon-2023-remark	🔧 수정 후 ✅	셀프리뷰: description "ex-aide" → "ex-chief of staff"(원문 비서실장, 본문과 통일, 체크 8)
2026-09-13-geonwoo-gwangju-rally	✅ 1~10 준수	전언형 섹션 제목 사용
2026-09-13-geonwoo-brother-hospitalization-case	🔧 수정 후 ✅	작성 중: 기소·선고 경과 문장 전체에 "It was reported that"(체크 2); 일반인 딸 실명 미기재 유지
2026-09-13-geonwoo-518-list-disclosure-citizen	✅ 1~10 준수	일반인 성별 불명 → they; 자체 제작 카드 캡션 번역
2026-09-12-nowmagazine-postpartum-vs-nk-infant	✅ 1~10 준수	위키포스트 릴스 병합 문단 유지; 편성 → earmarked
2026-09-11-currentwaves-nk-hr-report-classified	✅ 1~10 준수	
2026-09-10-geonwoo-jeongyulseong-song-contest	🔧 수정 후 ✅	작성 중: 정율성·지정곡·2018 대회 문장 보도 범위 확장(체크 2), 한글 병기를 본문 첫 등장으로 이동(체크 8)
2026-09-10-freedominnovation-nec-bill	✅ 1~10 준수	원문 섹션 "원문 이후의 경과 (중요)" → Later developments (important)
2026-09-10-currentwaves-pm-amendment-slip	✅ 1~10 준수	
2026-09-10-brieftag-nk-contact-reports-china	🔧 수정 후 ✅	작성 중: 신고 건수 문장 "Reports say that, according to…"로 보도 범위 확장(체크 2)
2026-09-10-ansanheart-academy-merger	✅ 1~10 준수	"4조2000억원" 추정 → "an estimate … relayed as 'there is even talk of'"
2026-09-08-sonit-criminal-record-card	🔧 수정 후 ✅	작성 중: 전과 공개 문장 보도 범위 확장(체크 2); 대한인민공화국 → 'Daehan People's Republic' (대한인민공화국)(체크 6)
2026-09-08-kimsohee-ppp-seven-pledges	✅ 1~10 준수	김소희 본문 언급 없어 title에 한글 병기; 암장의 시대 → "era of secret burial"
2026-09-03-taekyu-statistics-audit-probe	✅ 1~10 준수	speakerAffiliation 15번과 동일 표기
2026-08-29-idontknowpolitics-martial-law-nk-policy	🔧 수정 후 ✅	작성 중: 확성기·방첩사, 삼단봉, 의료장비 문장 보도 범위 확장(체크 2); description 175자 → 159자
2026-08-25-nowandhere-625-constitution-question	🔧 수정 후 ✅	작성 중: 개헌안 제출 문장 보도 범위 확장(체크 2); 취지 → "asked, in effect"(체크 4)
2026-08-24-dictatorshipnono-jeju-missing-false-closure	🔧 수정 후 ✅	작성 중: 석방·영장 발부 문장 전체에 "Reports say"(체크 2); 구속 → arrested(체크 5); 실종자 실명 미기재 유지
2026-08-12-citynewsmeme-parksangyong-oath-refusal	🔧 수정 후 ✅	작성 중: 의혹·직무정지 연장 문장 보도 범위 확장(체크 2); "의혹" → allegations 유지
2026-08-03-pagememo-nk-prosecution-reform-directive	✅ 1~10 준수	형소법 통과 문장 "Reports say"; 공소장 기반 보도임을 유지
2026-07-28-geonwoo-yoon-final-statement-australia	🔧 수정 후 ✅	셀프리뷰: description에 원문 "의혹" 반영(envoy allegations)(체크 5); 취지 → "asked, in effect"
2026-07-28-geonwoo-ebs-video-removal	✅ 1~10 준수	의혹 제기 → "raises suspicions"
2026-07-25-idontknowpolitics-cheongju-spy-directives	✅ 1~10 준수	기소·특보단 이력 문장 "Reports say"(체크 2); 취지 → "to the effect of"; 공소장 릴스 병합 문단 유지
2026-07-24-korealive-woohai-moreugo	✅ 1~10 준수	"개돼지"는 썸네일 인용 수준 그대로 "dogs and pigs"; 음원 링크 URL 원본 유지
2026-07-24-firstincome-seoul-edu-unification-textbook	✅ 1~10 준수	원본 attribution에 괄호 이름이 없어 "Instagram @firstincome_now"만 사용
2026-07-22-geonwoo-kimminsoo-defense	✅ 1~10 준수	국제뉴스·더퍼블릭 영문명 미확인 → 로마자(한글)
2026-07-20-yoonsanghyun-special-counsel-filibuster	✅ 1~10 준수	
2026-07-19-amhaengeosa-kctu-itaewon-directive	🔧 수정 후 ✅	작성 중: 구속기소·1심 문장 "Reports say"(체크 2); 구속기소 → arrested and indicted; 지령 인용문을 12번과 같은 번역으로 통일
2026-07-14-kasamo7-cnn-surprise-attack-article	✅ 1~10 준수	CNN 제목은 원 기사 영어 제목(allegedly 포함)에 맞춤 — 원본 alt에 영어 원제가 있음
2026-07-13-idontknowpolitics-yeonpyeong-crab-remark	✅ 1~10 준수	"맥락이었다고 전해짐" → "reportedly … in the context of"
2026-07-12-judypia-real-estate-supervisory-bill	✅ 1~10 준수	조사-수사 분리 → "separating inquiries from criminal investigations"
2026-07-05-idontknowpolitics-kctu-appeal	✅ 1~10 준수	기소·1심/항소심 문장 "Reports say"; "취지입니다" → "in substance"
2026-07-04-idontknowpolitics-2018-freedom-deletion	✅ 1~10 준수	자유민주적 기본질서 → "free democratic basic order", '자유' → 'free'
2026-07-01-amhaengeosa-lee-nk-military-remark	🔧 수정 후 ✅	셀프리뷰: description 인용문을 본문 인용과 같은 문구로 통일(체크 8 취지); 취지 → "said, in effect"
